imageid,con acaros,sin acaros
train0,1,0
train1,1,0
train10,1,0
train100,1,0
train1000,1,0
train1001,1,0
train1002,1,0
train1003,1,0
train1004,1,0
train1005,1,0
train1006,1,0
train1007,1,0
train1008,1,0
train1009,1,0
train101,1,0
train1010,1,0
train1011,1,0
train1012,1,0
train1013,1,0
train1014,1,0
train1015,1,0
train1016,1,0
train1017,1,0
train1018,1,0
train1019,1,0
train102,1,0
train1020,1,0
train1021,1,0
train1022,1,0
train1023,1,0
train1024,1,0
train1025,1,0
train1026,1,0
train1027,1,0
train1028,1,0
train1029,1,0
train103,1,0
train1030,1,0
train1031,1,0
train1032,1,0
train1033,1,0
train1034,1,0
train1035,1,0
train1036,1,0
train1037,1,0
train1038,1,0
train1039,1,0
train104,1,0
train1040,1,0
train1041,1,0
train1042,1,0
train1043,1,0
train1044,1,0
train1045,1,0
train1046,1,0
train1047,1,0
train1048,1,0
train1049,1,0
train105,1,0
train1050,1,0
train1051,1,0
train1052,1,0
train1053,1,0
train1054,1,0
train1055,1,0
train1056,1,0
train1057,1,0
train1058,1,0
train1059,1,0
train106,1,0
train1060,1,0
train1061,1,0
train1062,1,0
train1063,1,0
train1064,1,0
train1065,1,0
train1066,1,0
train1067,1,0
train1068,1,0
train1069,1,0
train107,1,0
train1070,1,0
train1071,1,0
train1072,1,0
train1073,1,0
train1074,1,0
train1075,1,0
train1076,1,0
train1077,1,0
train1078,1,0
train1079,1,0
train108,1,0
train1080,1,0
train1081,1,0
train1082,1,0
train1083,1,0
train1084,1,0
train1085,1,0
train1086,1,0
train1087,1,0
train1088,1,0
train1089,1,0
train109,1,0
train1090,1,0
train1091,1,0
train1092,1,0
train1093,1,0
train1094,1,0
train1095,1,0
train1096,1,0
train1097,1,0
train1098,1,0
train1099,1,0
train11,1,0
train110,1,0
train1100,1,0
train1101,1,0
train1102,1,0
train1103,1,0
train1104,1,0
train1105,1,0
train1106,1,0
train1107,1,0
train1108,1,0
train1109,1,0
train111,1,0
train1110,1,0
train1111,1,0
train1112,1,0
train1113,1,0
train1114,1,0
train1115,1,0
train1116,1,0
train1117,1,0
train1118,1,0
train1119,1,0
train112,1,0
train1120,1,0
train1121,1,0
train1122,1,0
train1123,1,0
train1124,1,0
train1125,1,0
train1126,1,0
train1127,1,0
train1128,1,0
train1129,1,0
train113,1,0
train1130,1,0
train1131,1,0
train1132,1,0
train1133,1,0
train1134,1,0
train1135,1,0
train1136,1,0
train1137,1,0
train1138,1,0
train1139,1,0
train114,1,0
train1140,1,0
train1141,1,0
train1142,1,0
train1143,1,0
train1144,1,0
train1145,1,0
train1146,1,0
train1147,1,0
train1148,1,0
train1149,1,0
train115,1,0
train1150,1,0
train1151,1,0
train1152,1,0
train1153,1,0
train1154,1,0
train1155,1,0
train1156,1,0
train1157,1,0
train1158,1,0
train1159,1,0
train116,1,0
train1160,1,0
train1161,1,0
train1162,1,0
train1163,1,0
train1164,1,0
train1165,1,0
train1166,1,0
train1167,1,0
train1168,1,0
train1169,1,0
train117,1,0
train1170,1,0
train1171,1,0
train1172,1,0
train1173,1,0
train1174,1,0
train1175,1,0
train1176,1,0
train1177,1,0
train1178,1,0
train1179,1,0
train118,1,0
train1180,1,0
train1181,1,0
train1182,1,0
train1183,1,0
train1184,1,0
train1185,1,0
train1186,1,0
train1187,1,0
train1188,1,0
train1189,1,0
train119,1,0
train1190,1,0
train1191,1,0
train1192,1,0
train1193,1,0
train1194,1,0
train1195,1,0
train1196,1,0
train1197,1,0
train1198,1,0
train1199,1,0
train12,1,0
train120,1,0
train1200,1,0
train1201,1,0
train1202,1,0
train1203,1,0
train1204,1,0
train1205,1,0
train1206,1,0
train1207,1,0
train1208,1,0
train1209,1,0
train121,1,0
train1210,1,0
train1211,1,0
train1212,1,0
train1213,1,0
train1214,1,0
train1215,1,0
train1216,1,0
train1217,1,0
train1218,1,0
train1219,1,0
train122,1,0
train1220,1,0
train1221,1,0
train1222,1,0
train1223,1,0
train1224,1,0
train1225,1,0
train1226,1,0
train1227,1,0
train1228,1,0
train1229,1,0
train123,1,0
train1230,1,0
train1231,1,0
train1232,1,0
train1233,1,0
train1234,1,0
train1235,1,0
train1236,1,0
train1237,1,0
train1238,1,0
train1239,1,0
train124,1,0
train1240,1,0
train1241,1,0
train1242,1,0
train1243,1,0
train1244,1,0
train1245,1,0
train1246,1,0
train1247,1,0
train1248,1,0
train1249,1,0
train125,1,0
train1250,1,0
train1251,1,0
train1252,1,0
train1253,1,0
train1254,1,0
train1255,1,0
train1256,1,0
train1257,1,0
train1258,1,0
train1259,1,0
train126,1,0
train1260,1,0
train1261,1,0
train1262,1,0
train1263,1,0
train1264,1,0
train1265,1,0
train1266,1,0
train1267,1,0
train1268,1,0
train1269,1,0
train127,1,0
train1270,1,0
train1271,1,0
train1272,1,0
train1273,1,0
train1274,1,0
train1275,1,0
train1276,1,0
train1277,1,0
train1278,1,0
train1279,1,0
train128,1,0
train1280,1,0
train1281,1,0
train1282,1,0
train1283,1,0
train1284,1,0
train1285,1,0
train1286,1,0
train1287,1,0
train1288,1,0
train1289,1,0
train129,1,0
train1290,1,0
train1291,1,0
train1292,1,0
train1293,1,0
train1294,1,0
train1295,1,0
train1296,1,0
train1297,1,0
train1298,1,0
train1299,1,0
train13,1,0
train130,1,0
train1300,1,0
train1301,1,0
train1302,1,0
train1303,1,0
train1304,1,0
train1305,1,0
train1306,1,0
train1307,1,0
train1308,1,0
train1309,1,0
train131,1,0
train1310,1,0
train1311,1,0
train1312,1,0
train1313,1,0
train1314,1,0
train1315,1,0
train1316,1,0
train1317,1,0
train1318,1,0
train1319,1,0
train132,1,0
train1320,1,0
train1321,1,0
train1322,1,0
train1323,1,0
train1324,1,0
train1325,1,0
train1326,1,0
train1327,1,0
train1328,1,0
train1329,1,0
train133,1,0
train1330,1,0
train1331,1,0
train1332,1,0
train1333,1,0
train1334,1,0
train1335,1,0
train1336,1,0
train1337,1,0
train1338,1,0
train1339,1,0
train134,1,0
train1340,1,0
train1341,1,0
train1342,1,0
train1343,1,0
train1344,1,0
train1345,1,0
train1346,1,0
train1347,1,0
train1348,1,0
train1349,1,0
train135,1,0
train1350,1,0
train1351,1,0
train1352,1,0
train1353,1,0
train1354,1,0
train1355,1,0
train1356,1,0
train1357,1,0
train1358,1,0
train1359,1,0
train136,1,0
train1360,1,0
train1361,1,0
train1362,1,0
train1363,1,0
train1364,1,0
train1365,1,0
train1366,1,0
train1367,1,0
train1368,1,0
train1369,1,0
train137,1,0
train1370,1,0
train1371,1,0
train1372,1,0
train1373,1,0
train1374,1,0
train1375,1,0
train1376,1,0
train1377,1,0
train1378,1,0
train1379,1,0
train138,1,0
train1380,1,0
train1381,1,0
train1382,1,0
train1383,1,0
train1384,1,0
train1385,1,0
train1386,1,0
train1387,1,0
train1388,1,0
train1389,1,0
train139,1,0
train1390,1,0
train1391,1,0
train1392,1,0
train1393,1,0
train1394,1,0
train1395,1,0
train1396,1,0
train1397,1,0
train1398,1,0
train1399,1,0
train14,1,0
train140,1,0
train1400,1,0
train1401,1,0
train1402,1,0
train1403,1,0
train1404,1,0
train1405,1,0
train1406,1,0
train1407,1,0
train1408,1,0
train1409,1,0
train141,1,0
train1410,1,0
train1411,1,0
train1412,1,0
train1413,1,0
train1414,1,0
train1415,1,0
train1416,1,0
train1417,1,0
train1418,1,0
train1419,1,0
train142,1,0
train1420,1,0
train1421,1,0
train1422,1,0
train1423,1,0
train1424,1,0
train1425,1,0
train1426,1,0
train1427,1,0
train1428,1,0
train1429,1,0
train143,1,0
train1430,1,0
train1431,1,0
train1432,1,0
train1433,1,0
train1434,1,0
train1435,1,0
train1436,1,0
train1437,1,0
train1438,1,0
train1439,1,0
train144,1,0
train1440,1,0
train1441,1,0
train1442,1,0
train1443,1,0
train1444,1,0
train1445,1,0
train1446,1,0
train1447,1,0
train1448,1,0
train1449,1,0
train145,1,0
train1450,1,0
train1451,1,0
train1452,1,0
train1453,1,0
train1454,1,0
train1455,1,0
train1456,1,0
train1457,1,0
train1458,1,0
train1459,1,0
train146,1,0
train1460,1,0
train1461,1,0
train1462,1,0
train1463,1,0
train1464,1,0
train1465,1,0
train1466,1,0
train1467,1,0
train1468,1,0
train1469,1,0
train147,1,0
train1470,1,0
train1471,1,0
train1472,1,0
train1473,1,0
train1474,1,0
train1475,1,0
train1476,1,0
train1477,1,0
train1478,1,0
train1479,1,0
train148,1,0
train1480,1,0
train1481,1,0
train1482,1,0
train1483,1,0
train1484,1,0
train1485,1,0
train1486,1,0
train1487,1,0
train1488,1,0
train1489,1,0
train149,1,0
train1490,1,0
train1491,1,0
train1492,1,0
train1493,1,0
train1494,1,0
train1495,1,0
train1496,1,0
train1497,1,0
train1498,1,0
train1499,1,0
train15,1,0
train150,1,0
train151,1,0
train152,1,0
train153,1,0
train154,1,0
train155,1,0
train156,1,0
train157,1,0
train158,1,0
train159,1,0
train16,1,0
train160,1,0
train161,1,0
train162,1,0
train163,1,0
train164,1,0
train165,1,0
train166,1,0
train167,1,0
train168,1,0
train169,1,0
train17,1,0
train170,1,0
train171,1,0
train172,1,0
train173,1,0
train174,1,0
train175,1,0
train176,1,0
train177,1,0
train178,1,0
train179,1,0
train18,1,0
train180,1,0
train181,1,0
train182,1,0
train183,1,0
train184,1,0
train185,1,0
train186,1,0
train187,1,0
train188,1,0
train189,1,0
train19,1,0
train190,1,0
train191,1,0
train192,1,0
train193,1,0
train194,1,0
train195,1,0
train196,1,0
train197,1,0
train198,1,0
train199,1,0
train2,1,0
train20,1,0
train200,1,0
train201,1,0
train202,1,0
train203,1,0
train204,1,0
train205,1,0
train206,1,0
train207,1,0
train208,1,0
train209,1,0
train21,1,0
train210,1,0
train211,1,0
train212,1,0
train213,1,0
train214,1,0
train215,1,0
train216,1,0
train217,1,0
train218,1,0
train219,1,0
train22,1,0
train220,1,0
train221,1,0
train222,1,0
train223,1,0
train224,1,0
train225,1,0
train226,1,0
train227,1,0
train228,1,0
train229,1,0
train23,1,0
train230,1,0
train231,1,0
train232,1,0
train233,1,0
train234,1,0
train235,1,0
train236,1,0
train237,1,0
train238,1,0
train239,1,0
train24,1,0
train240,1,0
train241,1,0
train242,1,0
train243,1,0
train244,1,0
train245,1,0
train246,1,0
train247,1,0
train248,1,0
train249,1,0
train25,1,0
train250,1,0
train251,1,0
train252,1,0
train253,1,0
train254,1,0
train255,1,0
train256,1,0
train257,1,0
train258,1,0
train259,1,0
train26,1,0
train260,1,0
train261,1,0
train262,1,0
train263,1,0
train264,1,0
train265,1,0
train266,1,0
train267,1,0
train268,1,0
train269,1,0
train27,1,0
train270,1,0
train271,1,0
train272,1,0
train273,1,0
train274,1,0
train275,1,0
train276,1,0
train277,1,0
train278,1,0
train279,1,0
train28,1,0
train280,1,0
train281,1,0
train282,1,0
train283,1,0
train284,1,0
train285,1,0
train286,1,0
train287,1,0
train288,1,0
train289,1,0
train29,1,0
train290,1,0
train291,1,0
train292,1,0
train293,1,0
train294,1,0
train295,1,0
train296,1,0
train297,1,0
train298,1,0
train299,1,0
train3,1,0
train30,1,0
train300,1,0
train301,1,0
train302,1,0
train303,1,0
train304,1,0
train305,1,0
train306,1,0
train307,1,0
train308,1,0
train309,1,0
train31,1,0
train310,1,0
train311,1,0
train312,1,0
train313,1,0
train314,1,0
train315,1,0
train316,1,0
train317,1,0
train318,1,0
train319,1,0
train32,1,0
train320,1,0
train321,1,0
train322,1,0
train323,1,0
train324,1,0
train325,1,0
train326,1,0
train327,1,0
train328,1,0
train329,1,0
train33,1,0
train330,1,0
train331,1,0
train332,1,0
train333,1,0
train334,1,0
train335,1,0
train336,1,0
train337,1,0
train338,1,0
train339,1,0
train34,1,0
train340,1,0
train341,1,0
train342,1,0
train343,1,0
train344,1,0
train345,1,0
train346,1,0
train347,1,0
train348,1,0
train349,1,0
train35,1,0
train350,1,0
train351,1,0
train352,1,0
train353,1,0
train354,1,0
train355,1,0
train356,1,0
train357,1,0
train358,1,0
train359,1,0
train36,1,0
train360,1,0
train361,1,0
train362,1,0
train363,1,0
train364,1,0
train365,1,0
train366,1,0
train367,1,0
train368,1,0
train369,1,0
train37,1,0
train370,1,0
train371,1,0
train372,1,0
train373,1,0
train374,1,0
train375,1,0
train376,1,0
train377,1,0
train378,1,0
train379,1,0
train38,1,0
train380,1,0
train381,1,0
train382,1,0
train383,1,0
train384,1,0
train385,1,0
train386,1,0
train387,1,0
train388,1,0
train389,1,0
train39,1,0
train390,1,0
train391,1,0
train392,1,0
train393,1,0
train394,1,0
train395,1,0
train396,1,0
train397,1,0
train398,1,0
train399,1,0
train4,1,0
train40,1,0
train400,1,0
train401,1,0
train402,1,0
train403,1,0
train404,1,0
train405,1,0
train406,1,0
train407,1,0
train408,1,0
train409,1,0
train41,1,0
train410,1,0
train411,1,0
train412,1,0
train413,1,0
train414,1,0
train415,1,0
train416,1,0
train417,1,0
train418,1,0
train419,1,0
train42,1,0
train420,1,0
train421,1,0
train422,1,0
train423,1,0
train424,1,0
train425,1,0
train426,1,0
train427,1,0
train428,1,0
train429,1,0
train43,1,0
train430,1,0
train431,1,0
train432,1,0
train433,1,0
train434,1,0
train435,1,0
train436,1,0
train437,1,0
train438,1,0
train439,1,0
train44,1,0
train440,1,0
train441,1,0
train442,1,0
train443,1,0
train444,1,0
train445,1,0
train446,1,0
train447,1,0
train448,1,0
train449,1,0
train45,1,0
train450,1,0
train451,1,0
train452,1,0
train453,1,0
train454,1,0
train455,1,0
train456,1,0
train457,1,0
train458,1,0
train459,1,0
train46,1,0
train460,1,0
train461,1,0
train462,1,0
train463,1,0
train464,1,0
train465,1,0
train466,1,0
train467,1,0
train468,1,0
train469,1,0
train47,1,0
train470,1,0
train471,1,0
train472,1,0
train473,1,0
train474,1,0
train475,1,0
train476,1,0
train477,1,0
train478,1,0
train479,1,0
train48,1,0
train480,1,0
train481,1,0
train482,1,0
train483,1,0
train484,1,0
train485,1,0
train486,1,0
train487,1,0
train488,1,0
train489,1,0
train49,1,0
train490,1,0
train491,1,0
train492,1,0
train493,1,0
train494,1,0
train495,1,0
train496,1,0
train497,1,0
train498,1,0
train499,1,0
train5,1,0
train50,1,0
train500,1,0
train501,1,0
train502,1,0
train503,1,0
train504,1,0
train505,1,0
train506,1,0
train507,1,0
train508,1,0
train509,1,0
train51,1,0
train510,1,0
train511,1,0
train512,1,0
train513,1,0
train514,1,0
train515,1,0
train516,1,0
train517,1,0
train518,1,0
train519,1,0
train52,1,0
train520,1,0
train521,1,0
train522,1,0
train523,1,0
train524,1,0
train525,1,0
train526,1,0
train527,1,0
train528,1,0
train529,1,0
train53,1,0
train530,1,0
train531,1,0
train532,1,0
train533,1,0
train534,1,0
train535,1,0
train536,1,0
train537,1,0
train538,1,0
train539,1,0
train54,1,0
train540,1,0
train541,1,0
train542,1,0
train543,1,0
train544,1,0
train545,1,0
train546,1,0
train547,1,0
train548,1,0
train549,1,0
train55,1,0
train550,1,0
train551,1,0
train552,1,0
train553,1,0
train554,1,0
train555,1,0
train556,1,0
train557,1,0
train558,1,0
train559,1,0
train56,1,0
train560,1,0
train561,1,0
train562,1,0
train563,1,0
train564,1,0
train565,1,0
train566,1,0
train567,1,0
train568,1,0
train569,1,0
train57,1,0
train570,1,0
train571,1,0
train572,1,0
train573,1,0
train574,1,0
train575,1,0
train576,1,0
train577,1,0
train578,1,0
train579,1,0
train58,1,0
train580,1,0
train581,1,0
train582,1,0
train583,1,0
train584,1,0
train585,1,0
train586,1,0
train587,1,0
train588,1,0
train589,1,0
train59,1,0
train590,1,0
train591,1,0
train592,1,0
train593,1,0
train594,1,0
train595,1,0
train596,1,0
train597,1,0
train598,1,0
train599,1,0
train6,1,0
train60,1,0
train600,1,0
train601,1,0
train602,1,0
train603,1,0
train604,1,0
train605,1,0
train606,1,0
train607,1,0
train608,1,0
train609,1,0
train61,1,0
train610,1,0
train611,1,0
train612,1,0
train613,1,0
train614,1,0
train615,1,0
train616,1,0
train617,1,0
train618,1,0
train619,1,0
train62,1,0
train620,1,0
train621,1,0
train622,1,0
train623,1,0
train624,1,0
train625,1,0
train626,1,0
train627,1,0
train628,1,0
train629,1,0
train63,1,0
train630,1,0
train631,1,0
train632,1,0
train633,1,0
train634,1,0
train635,1,0
train636,1,0
train637,1,0
train638,1,0
train639,1,0
train64,1,0
train640,1,0
train641,1,0
train642,1,0
train643,1,0
train644,1,0
train645,1,0
train646,1,0
train647,1,0
train648,1,0
train649,1,0
train65,1,0
train650,1,0
train651,1,0
train652,1,0
train653,1,0
train654,1,0
train655,1,0
train656,1,0
train657,1,0
train658,1,0
train659,1,0
train66,1,0
train660,1,0
train661,1,0
train662,1,0
train663,1,0
train664,1,0
train665,1,0
train666,1,0
train667,1,0
train668,1,0
train669,1,0
train67,1,0
train670,1,0
train671,1,0
train672,1,0
train673,1,0
train674,1,0
train675,1,0
train676,1,0
train677,1,0
train678,1,0
train679,1,0
train68,1,0
train680,1,0
train681,1,0
train682,1,0
train683,1,0
train684,1,0
train685,1,0
train686,1,0
train687,1,0
train688,1,0
train689,1,0
train69,1,0
train690,1,0
train691,1,0
train692,1,0
train693,1,0
train694,1,0
train695,1,0
train696,1,0
train697,1,0
train698,1,0
train699,1,0
train7,1,0
train70,1,0
train700,1,0
train701,1,0
train702,1,0
train703,1,0
train704,1,0
train705,1,0
train706,1,0
train707,1,0
train708,1,0
train709,1,0
train71,1,0
train710,1,0
train711,1,0
train712,1,0
train713,1,0
train714,1,0
train715,1,0
train716,1,0
train717,1,0
train718,1,0
train719,1,0
train72,1,0
train720,1,0
train721,1,0
train722,1,0
train723,1,0
train724,1,0
train725,1,0
train726,1,0
train727,1,0
train728,1,0
train729,1,0
train73,1,0
train730,1,0
train731,1,0
train732,1,0
train733,1,0
train734,1,0
train735,1,0
train736,1,0
train737,1,0
train738,1,0
train739,1,0
train74,1,0
train740,1,0
train741,1,0
train742,1,0
train743,1,0
train744,1,0
train745,1,0
train746,1,0
train747,1,0
train748,1,0
train749,1,0
train75,1,0
train750,1,0
train751,1,0
train752,1,0
train753,1,0
train754,1,0
train755,1,0
train756,1,0
train757,1,0
train758,1,0
train759,1,0
train76,1,0
train760,1,0
train761,1,0
train762,1,0
train763,1,0
train764,1,0
train765,1,0
train766,1,0
train767,1,0
train768,1,0
train769,1,0
train77,1,0
train770,1,0
train771,1,0
train772,1,0
train773,1,0
train774,1,0
train775,1,0
train776,1,0
train777,1,0
train778,1,0
train779,1,0
train78,1,0
train780,1,0
train781,1,0
train782,1,0
train783,1,0
train784,1,0
train785,1,0
train786,1,0
train787,1,0
train788,1,0
train789,1,0
train79,1,0
train790,1,0
train791,1,0
train792,1,0
train793,1,0
train794,1,0
train795,1,0
train796,1,0
train797,1,0
train798,1,0
train799,1,0
train8,1,0
train80,1,0
train800,1,0
train801,1,0
train802,1,0
train803,1,0
train804,1,0
train805,1,0
train806,1,0
train807,1,0
train808,1,0
train809,1,0
train81,1,0
train810,1,0
train811,1,0
train812,1,0
train813,1,0
train814,1,0
train815,1,0
train816,1,0
train817,1,0
train818,1,0
train819,1,0
train82,1,0
train820,1,0
train821,1,0
train822,1,0
train823,1,0
train824,1,0
train825,1,0
train826,1,0
train827,1,0
train828,1,0
train829,1,0
train83,1,0
train830,1,0
train831,1,0
train832,1,0
train833,1,0
train834,1,0
train835,1,0
train836,1,0
train837,1,0
train838,1,0
train839,1,0
train84,1,0
train840,1,0
train841,1,0
train842,1,0
train843,1,0
train844,1,0
train845,1,0
train846,1,0
train847,1,0
train848,1,0
train849,1,0
train85,1,0
train850,1,0
train851,1,0
train852,1,0
train853,1,0
train854,1,0
train855,1,0
train856,1,0
train857,1,0
train858,1,0
train859,1,0
train86,1,0
train860,1,0
train861,1,0
train862,1,0
train863,1,0
train864,1,0
train865,1,0
train866,1,0
train867,1,0
train868,1,0
train869,1,0
train87,1,0
train870,1,0
train871,1,0
train872,1,0
train873,1,0
train874,1,0
train875,1,0
train876,1,0
train877,1,0
train878,1,0
train879,1,0
train88,1,0
train880,1,0
train881,1,0
train882,1,0
train883,1,0
train884,1,0
train885,1,0
train886,1,0
train887,1,0
train888,1,0
train889,1,0
train89,1,0
train890,1,0
train891,1,0
train892,1,0
train893,1,0
train894,1,0
train895,1,0
train896,1,0
train897,1,0
train898,1,0
train899,1,0
train9,1,0
train90,1,0
train900,1,0
train901,1,0
train902,1,0
train903,1,0
train904,1,0
train905,1,0
train906,1,0
train907,1,0
train908,1,0
train909,1,0
train91,1,0
train910,1,0
train911,1,0
train912,1,0
train913,1,0
train914,1,0
train915,1,0
train916,1,0
train917,1,0
train918,1,0
train919,1,0
train92,1,0
train920,1,0
train921,1,0
train922,1,0
train923,1,0
train924,1,0
train925,1,0
train926,1,0
train927,1,0
train928,1,0
train929,1,0
train93,1,0
train930,1,0
train931,1,0
train932,1,0
train933,1,0
train934,1,0
train935,1,0
train936,1,0
train937,1,0
train938,1,0
train939,1,0
train94,1,0
train940,1,0
train941,1,0
train942,1,0
train943,1,0
train944,1,0
train945,1,0
train946,1,0
train947,1,0
train948,1,0
train949,1,0
train95,1,0
train950,1,0
train951,1,0
train952,1,0
train953,1,0
train954,1,0
train955,1,0
train956,1,0
train957,1,0
train958,1,0
train959,1,0
train96,1,0
train960,1,0
train961,1,0
train962,1,0
train963,1,0
train964,1,0
train965,1,0
train966,1,0
train967,1,0
train968,1,0
train969,1,0
train97,1,0
train970,1,0
train971,1,0
train972,1,0
train973,1,0
train974,1,0
train975,1,0
train976,1,0
train977,1,0
train978,1,0
train979,1,0
train98,1,0
train980,1,0
train981,1,0
train982,1,0
train983,1,0
train984,1,0
train985,1,0
train986,1,0
train987,1,0
train988,1,0
train989,1,0
train99,1,0
train990,1,0
train991,1,0
train992,1,0
train993,1,0
train994,1,0
train995,1,0
train996,1,0
train997,1,0
train998,1,0
train999,1,0
train1500,0,1
train1501,0,1
train1502,0,1
train1503,0,1
train1504,0,1
train1505,0,1
train1506,0,1
train1507,0,1
train1508,0,1
train1509,0,1
train1510,0,1
train1511,0,1
train1512,0,1
train1513,0,1
train1514,0,1
train1515,0,1
train1516,0,1
train1517,0,1
train1518,0,1
train1519,0,1
train1520,0,1
train1521,0,1
train1522,0,1
train1523,0,1
train1524,0,1
train1525,0,1
train1526,0,1
train1527,0,1
train1528,0,1
train1529,0,1
train1530,0,1
train1531,0,1
train1532,0,1
train1533,0,1
train1534,0,1
train1535,0,1
train1536,0,1
train1537,0,1
train1538,0,1
train1539,0,1
train1540,0,1
train1541,0,1
train1542,0,1
train1543,0,1
train1544,0,1
train1545,0,1
train1546,0,1
train1547,0,1
train1548,0,1
train1549,0,1
train1550,0,1
train1551,0,1
train1552,0,1
train1553,0,1
train1554,0,1
train1555,0,1
train1556,0,1
train1557,0,1
train1558,0,1
train1559,0,1
train1560,0,1
train1561,0,1
train1562,0,1
train1563,0,1
train1564,0,1
train1565,0,1
train1566,0,1
train1567,0,1
train1568,0,1
train1569,0,1
train1570,0,1
train1571,0,1
train1572,0,1
train1573,0,1
train1574,0,1
train1575,0,1
train1576,0,1
train1577,0,1
train1578,0,1
train1579,0,1
train1580,0,1
train1581,0,1
train1582,0,1
train1583,0,1
train1584,0,1
train1585,0,1
train1586,0,1
train1587,0,1
train1588,0,1
train1589,0,1
train1590,0,1
train1591,0,1
train1592,0,1
train1593,0,1
train1594,0,1
train1595,0,1
train1596,0,1
train1597,0,1
train1598,0,1
train1599,0,1
train1600,0,1
train1601,0,1
train1602,0,1
train1603,0,1
train1604,0,1
train1605,0,1
train1606,0,1
train1607,0,1
train1608,0,1
train1609,0,1
train1610,0,1
train1611,0,1
train1612,0,1
train1613,0,1
train1614,0,1
train1615,0,1
train1616,0,1
train1617,0,1
train1618,0,1
train1619,0,1
train1620,0,1
train1621,0,1
train1622,0,1
train1623,0,1
train1624,0,1
train1625,0,1
train1626,0,1
train1627,0,1
train1628,0,1
train1629,0,1
train1630,0,1
train1631,0,1
train1632,0,1
train1633,0,1
train1634,0,1
train1635,0,1
train1636,0,1
train1637,0,1
train1638,0,1
train1639,0,1
train1640,0,1
train1641,0,1
train1642,0,1
train1643,0,1
train1644,0,1
train1645,0,1
train1646,0,1
train1647,0,1
train1648,0,1
train1649,0,1
train1650,0,1
train1651,0,1
train1652,0,1
train1653,0,1
train1654,0,1
train1655,0,1
train1656,0,1
train1657,0,1
train1658,0,1
train1659,0,1
train1660,0,1
train1661,0,1
train1662,0,1
train1663,0,1
train1664,0,1
train1665,0,1
train1666,0,1
train1667,0,1
train1668,0,1
train1669,0,1
train1670,0,1
train1671,0,1
train1672,0,1
train1673,0,1
train1674,0,1
train1675,0,1
train1676,0,1
train1677,0,1
train1678,0,1
train1679,0,1
train1680,0,1
train1681,0,1
train1682,0,1
train1683,0,1
train1684,0,1
train1685,0,1
train1686,0,1
train1687,0,1
train1688,0,1
train1689,0,1
train1690,0,1
train1691,0,1
train1692,0,1
train1693,0,1
train1694,0,1
train1695,0,1
train1696,0,1
train1697,0,1
train1698,0,1
train1699,0,1
train1700,0,1
train1701,0,1
train1702,0,1
train1703,0,1
train1704,0,1
train1705,0,1
train1706,0,1
train1707,0,1
train1708,0,1
train1709,0,1
train1710,0,1
train1711,0,1
train1712,0,1
train1713,0,1
train1714,0,1
train1715,0,1
train1716,0,1
train1717,0,1
train1718,0,1
train1719,0,1
train1720,0,1
train1721,0,1
train1722,0,1
train1723,0,1
train1724,0,1
train1725,0,1
train1726,0,1
train1727,0,1
train1728,0,1
train1729,0,1
train1730,0,1
train1731,0,1
train1732,0,1
train1733,0,1
train1734,0,1
train1735,0,1
train1736,0,1
train1737,0,1
train1738,0,1
train1739,0,1
train1740,0,1
train1741,0,1
train1742,0,1
train1743,0,1
train1744,0,1
train1745,0,1
train1746,0,1
train1747,0,1
train1748,0,1
train1749,0,1
train1750,0,1
train1751,0,1
train1752,0,1
train1753,0,1
train1754,0,1
train1755,0,1
train1756,0,1
train1757,0,1
train1758,0,1
train1759,0,1
train1760,0,1
train1761,0,1
train1762,0,1
train1763,0,1
train1764,0,1
train1765,0,1
train1766,0,1
train1767,0,1
train1768,0,1
train1769,0,1
train1770,0,1
train1771,0,1
train1772,0,1
train1773,0,1
train1774,0,1
train1775,0,1
train1776,0,1
train1777,0,1
train1778,0,1
train1779,0,1
train1780,0,1
train1781,0,1
train1782,0,1
train1783,0,1
train1784,0,1
train1785,0,1
train1786,0,1
train1787,0,1
train1788,0,1
train1789,0,1
train1790,0,1
train1791,0,1
train1792,0,1
train1793,0,1
train1794,0,1
train1795,0,1
train1796,0,1
train1797,0,1
train1798,0,1
train1799,0,1
train1800,0,1
train1801,0,1
train1802,0,1
train1803,0,1
train1804,0,1
train1805,0,1
train1806,0,1
train1807,0,1
train1808,0,1
train1809,0,1
train1810,0,1
train1811,0,1
train1812,0,1
train1813,0,1
train1814,0,1
train1815,0,1
train1816,0,1
train1817,0,1
train1818,0,1
train1819,0,1
train1820,0,1
train1821,0,1
train1822,0,1
train1823,0,1
train1824,0,1
train1825,0,1
train1826,0,1
train1827,0,1
train1828,0,1
train1829,0,1
train1830,0,1
train1831,0,1
train1832,0,1
train1833,0,1
train1834,0,1
train1835,0,1
train1836,0,1
train1837,0,1
train1838,0,1
train1839,0,1
train1840,0,1
train1841,0,1
train1842,0,1
train1843,0,1
train1844,0,1
train1845,0,1
train1846,0,1
train1847,0,1
train1848,0,1
train1849,0,1
train1850,0,1
train1851,0,1
train1852,0,1
train1853,0,1
train1854,0,1
train1855,0,1
train1856,0,1
train1857,0,1
train1858,0,1
train1859,0,1
train1860,0,1
train1861,0,1
train1862,0,1
train1863,0,1
train1864,0,1
train1865,0,1
train1866,0,1
train1867,0,1
train1868,0,1
train1869,0,1
train1870,0,1
train1871,0,1
train1872,0,1
train1873,0,1
train1874,0,1
train1875,0,1
train1876,0,1
train1877,0,1
train1878,0,1
train1879,0,1
train1880,0,1
train1881,0,1
train1882,0,1
train1883,0,1
train1884,0,1
train1885,0,1
train1886,0,1
train1887,0,1
train1888,0,1
train1889,0,1
train1890,0,1
train1891,0,1
train1892,0,1
train1893,0,1
train1894,0,1
train1895,0,1
train1896,0,1
train1897,0,1
train1898,0,1
train1899,0,1
train1900,0,1
train1901,0,1
train1902,0,1
train1903,0,1
train1904,0,1
train1905,0,1
train1906,0,1
train1907,0,1
train1908,0,1
train1909,0,1
train1910,0,1
train1911,0,1
train1912,0,1
train1913,0,1
train1914,0,1
train1915,0,1
train1916,0,1
train1917,0,1
train1918,0,1
train1919,0,1
train1920,0,1
train1921,0,1
train1922,0,1
train1923,0,1
train1924,0,1
train1925,0,1
train1926,0,1
train1927,0,1
train1928,0,1
train1929,0,1
train1930,0,1
train1931,0,1
train1932,0,1
train1933,0,1
train1934,0,1
train1935,0,1
train1936,0,1
train1937,0,1
train1938,0,1
train1939,0,1
train1940,0,1
train1941,0,1
train1942,0,1
train1943,0,1
train1944,0,1
train1945,0,1
train1946,0,1
train1947,0,1
train1948,0,1
train1949,0,1
train1950,0,1
train1951,0,1
train1952,0,1
train1953,0,1
train1954,0,1
train1955,0,1
train1956,0,1
train1957,0,1
train1958,0,1
train1959,0,1
train1960,0,1
train1961,0,1
train1962,0,1
train1963,0,1
train1964,0,1
train1965,0,1
train1966,0,1
train1967,0,1
train1968,0,1
train1969,0,1
train1970,0,1
train1971,0,1
train1972,0,1
train1973,0,1
train1974,0,1
train1975,0,1
train1976,0,1
train1977,0,1
train1978,0,1
train1979,0,1
train1980,0,1
train1981,0,1
train1982,0,1
train1983,0,1
train1984,0,1
train1985,0,1
train1986,0,1
train1987,0,1
train1988,0,1
train1989,0,1
train1990,0,1
train1991,0,1
train1992,0,1
train1993,0,1
train1994,0,1
train1995,0,1
train1996,0,1
train1997,0,1
train1998,0,1
train1999,0,1
train2000,0,1
train2001,0,1
train2002,0,1
train2003,0,1
train2004,0,1
train2005,0,1
train2006,0,1
train2007,0,1
train2008,0,1
train2009,0,1
train2010,0,1
train2011,0,1
train2012,0,1
train2013,0,1
train2014,0,1
train2015,0,1
train2016,0,1
train2017,0,1
train2018,0,1
train2019,0,1
train2020,0,1
train2021,0,1
train2022,0,1
train2023,0,1
train2024,0,1
train2025,0,1
train2026,0,1
train2027,0,1
train2028,0,1
train2029,0,1
train2030,0,1
train2031,0,1
train2032,0,1
train2033,0,1
train2034,0,1
train2035,0,1
train2036,0,1
train2037,0,1
train2038,0,1
train2039,0,1
train2040,0,1
train2041,0,1
train2042,0,1
train2043,0,1
train2044,0,1
train2045,0,1
train2046,0,1
train2047,0,1
train2048,0,1
train2049,0,1
train2050,0,1
train2051,0,1
train2052,0,1
train2053,0,1
train2054,0,1
train2055,0,1
train2056,0,1
train2057,0,1
train2058,0,1
train2059,0,1
train2060,0,1
train2061,0,1
train2062,0,1
train2063,0,1
train2064,0,1
train2065,0,1
train2066,0,1
train2067,0,1
train2068,0,1
train2069,0,1
train2070,0,1
train2071,0,1
train2072,0,1
train2073,0,1
train2074,0,1
train2075,0,1
train2076,0,1
train2077,0,1
train2078,0,1
train2079,0,1
train2080,0,1
train2081,0,1
train2082,0,1
train2083,0,1
train2084,0,1
train2085,0,1
train2086,0,1
train2087,0,1
train2088,0,1
train2089,0,1
train2090,0,1
train2091,0,1
train2092,0,1
train2093,0,1
train2094,0,1
train2095,0,1
train2096,0,1
train2097,0,1
train2098,0,1
train2099,0,1
train2100,0,1
train2101,0,1
train2102,0,1
train2103,0,1
train2104,0,1
train2105,0,1
train2106,0,1
train2107,0,1
train2108,0,1
train2109,0,1
train2110,0,1
train2111,0,1
train2112,0,1
train2113,0,1
train2114,0,1
train2115,0,1
train2116,0,1
train2117,0,1
train2118,0,1
train2119,0,1
train2120,0,1
train2121,0,1
train2122,0,1
train2123,0,1
train2124,0,1
train2125,0,1
train2126,0,1
train2127,0,1
train2128,0,1
train2129,0,1
train2130,0,1
train2131,0,1
train2132,0,1
train2133,0,1
train2134,0,1
train2135,0,1
train2136,0,1
train2137,0,1
train2138,0,1
train2139,0,1
train2140,0,1
train2141,0,1
train2142,0,1
train2143,0,1
train2144,0,1
train2145,0,1
train2146,0,1
train2147,0,1
train2148,0,1
train2149,0,1
train2150,0,1
train2151,0,1
train2152,0,1
train2153,0,1
train2154,0,1
train2155,0,1
train2156,0,1
train2157,0,1
train2158,0,1
train2159,0,1
train2160,0,1
train2161,0,1
train2162,0,1
train2163,0,1
train2164,0,1
train2165,0,1
train2166,0,1
train2167,0,1
train2168,0,1
train2169,0,1
train2170,0,1
train2171,0,1
train2172,0,1
train2173,0,1
train2174,0,1
train2175,0,1
train2176,0,1
train2177,0,1
train2178,0,1
train2179,0,1
train2180,0,1
train2181,0,1
train2182,0,1
train2183,0,1
train2184,0,1
train2185,0,1
train2186,0,1
train2187,0,1
train2188,0,1
train2189,0,1
train2190,0,1
train2191,0,1
train2192,0,1
train2193,0,1
train2194,0,1
train2195,0,1
train2196,0,1
train2197,0,1
train2198,0,1
train2199,0,1
train2200,0,1
train2201,0,1
train2202,0,1
train2203,0,1
train2204,0,1
train2205,0,1
train2206,0,1
train2207,0,1
train2208,0,1
train2209,0,1
train2210,0,1
train2211,0,1
train2212,0,1
train2213,0,1
train2214,0,1
train2215,0,1
train2216,0,1
train2217,0,1
train2218,0,1
train2219,0,1
train2220,0,1
train2221,0,1
train2222,0,1
train2223,0,1
train2224,0,1
train2225,0,1
train2226,0,1
train2227,0,1
train2228,0,1
train2229,0,1
train2230,0,1
train2231,0,1
train2232,0,1
train2233,0,1
train2234,0,1
train2235,0,1
train2236,0,1
train2237,0,1
train2238,0,1
train2239,0,1
train2240,0,1
train2241,0,1
train2242,0,1
train2243,0,1
train2244,0,1
train2245,0,1
train2246,0,1
train2247,0,1
train2248,0,1
train2249,0,1
train2250,0,1
train2251,0,1
train2252,0,1
train2253,0,1
train2254,0,1
train2255,0,1
train2256,0,1
train2257,0,1
train2258,0,1
train2259,0,1
train2260,0,1
train2261,0,1
train2262,0,1
train2263,0,1
train2264,0,1
train2265,0,1
train2266,0,1
train2267,0,1
train2268,0,1
train2269,0,1
train2270,0,1
train2271,0,1
train2272,0,1
train2273,0,1
train2274,0,1
train2275,0,1
train2276,0,1
train2277,0,1
train2278,0,1
train2279,0,1
train2280,0,1
train2281,0,1
train2282,0,1
train2283,0,1
train2284,0,1
train2285,0,1
train2286,0,1
train2287,0,1
train2288,0,1
train2289,0,1
train2290,0,1
train2291,0,1
train2292,0,1
train2293,0,1
train2294,0,1
train2295,0,1
train2296,0,1
train2297,0,1
train2298,0,1
train2299,0,1
train2300,0,1
train2301,0,1
train2302,0,1
train2303,0,1
train2304,0,1
train2305,0,1
train2306,0,1
train2307,0,1
train2308,0,1
train2309,0,1
train2310,0,1
train2311,0,1
train2312,0,1
train2313,0,1
train2314,0,1
train2315,0,1
train2316,0,1
train2317,0,1
train2318,0,1
train2319,0,1
train2320,0,1
train2321,0,1
train2322,0,1
train2323,0,1
train2324,0,1
train2325,0,1
train2326,0,1
train2327,0,1
train2328,0,1
train2329,0,1
train2330,0,1
train2331,0,1
train2332,0,1
train2333,0,1
train2334,0,1
train2335,0,1
train2336,0,1
train2337,0,1
train2338,0,1
train2339,0,1
train2340,0,1
train2341,0,1
train2342,0,1
train2343,0,1
train2344,0,1
train2345,0,1
train2346,0,1
train2347,0,1
train2348,0,1
train2349,0,1
train2350,0,1
train2351,0,1
train2352,0,1
train2353,0,1
train2354,0,1
train2355,0,1
train2356,0,1
train2357,0,1
train2358,0,1
train2359,0,1
train2360,0,1
train2361,0,1
train2362,0,1
train2363,0,1
train2364,0,1
train2365,0,1
train2366,0,1
train2367,0,1
train2368,0,1
train2369,0,1
train2370,0,1
train2371,0,1
train2372,0,1
train2373,0,1
train2374,0,1
train2375,0,1
train2376,0,1
train2377,0,1
train2378,0,1
train2379,0,1
train2380,0,1
train2381,0,1
train2382,0,1
train2383,0,1
train2384,0,1
train2385,0,1
train2386,0,1
train2387,0,1
train2388,0,1
train2389,0,1
train2390,0,1
train2391,0,1
train2392,0,1
train2393,0,1
train2394,0,1
train2395,0,1
train2396,0,1
train2397,0,1
train2398,0,1
train2399,0,1
train2400,0,1
train2401,0,1
train2402,0,1
train2403,0,1
train2404,0,1
train2405,0,1
train2406,0,1
train2407,0,1
train2408,0,1
train2409,0,1
train2410,0,1
train2411,0,1
train2412,0,1
train2413,0,1
train2414,0,1
train2415,0,1
train2416,0,1
train2417,0,1
train2418,0,1
train2419,0,1
train2420,0,1
train2421,0,1
train2422,0,1
train2423,0,1
train2424,0,1
train2425,0,1
train2426,0,1
train2427,0,1
train2428,0,1
train2429,0,1
train2430,0,1
train2431,0,1
train2432,0,1
train2433,0,1
train2434,0,1
train2435,0,1
train2436,0,1
train2437,0,1
train2438,0,1
train2439,0,1
train2440,0,1
train2441,0,1
train2442,0,1
train2443,0,1
train2444,0,1
train2445,0,1
train2446,0,1
train2447,0,1
train2448,0,1
train2449,0,1
train2450,0,1
train2451,0,1
train2452,0,1
train2453,0,1
train2454,0,1
train2455,0,1
train2456,0,1
train2457,0,1
train2458,0,1
train2459,0,1
train2460,0,1
train2461,0,1
train2462,0,1
train2463,0,1
train2464,0,1
train2465,0,1
train2466,0,1
train2467,0,1
train2468,0,1
train2469,0,1
train2470,0,1
train2471,0,1
train2472,0,1
train2473,0,1
train2474,0,1
train2475,0,1
train2476,0,1
train2477,0,1
train2478,0,1
train2479,0,1
train2480,0,1
train2481,0,1
train2482,0,1
train2483,0,1
train2484,0,1
train2485,0,1
train2486,0,1
train2487,0,1
train2488,0,1
train2489,0,1
train2490,0,1
train2491,0,1
train2492,0,1
train2493,0,1
train2494,0,1
train2495,0,1
train2496,0,1
train2497,0,1
train2498,0,1
train2499,0,1
train2500,0,1
train2501,0,1
train2502,0,1
train2503,0,1
train2504,0,1
train2505,0,1
train2506,0,1
train2507,0,1
train2508,0,1
train2509,0,1
train2510,0,1
train2511,0,1
train2512,0,1
train2513,0,1
train2514,0,1
train2515,0,1
train2516,0,1
train2517,0,1
train2518,0,1
train2519,0,1
train2520,0,1
train2521,0,1
train2522,0,1
train2523,0,1
train2524,0,1
train2525,0,1
train2526,0,1
train2527,0,1
train2528,0,1
train2529,0,1
train2530,0,1
train2531,0,1
train2532,0,1
train2533,0,1
train2534,0,1
train2535,0,1
train2536,0,1
train2537,0,1
train2538,0,1
train2539,0,1
train2540,0,1
train2541,0,1
train2542,0,1
train2543,0,1
train2544,0,1
train2545,0,1
train2546,0,1
train2547,0,1
train2548,0,1
train2549,0,1
train2550,0,1
train2551,0,1
train2552,0,1
train2553,0,1
train2554,0,1
train2555,0,1
train2556,0,1
train2557,0,1
train2558,0,1
train2559,0,1
train2560,0,1
train2561,0,1
train2562,0,1
train2563,0,1
train2564,0,1
train2565,0,1
train2566,0,1
train2567,0,1
train2568,0,1
train2569,0,1
train2570,0,1
train2571,0,1
train2572,0,1
train2573,0,1
train2574,0,1
train2575,0,1
train2576,0,1
train2577,0,1
train2578,0,1
train2579,0,1
train2580,0,1
train2581,0,1
train2582,0,1
train2583,0,1
train2584,0,1
train2585,0,1
train2586,0,1
train2587,0,1
train2588,0,1
train2589,0,1
train2590,0,1
train2591,0,1
train2592,0,1
train2593,0,1
train2594,0,1
train2595,0,1
train2596,0,1
train2597,0,1
train2598,0,1
train2599,0,1
train2600,0,1
train2601,0,1
train2602,0,1
train2603,0,1
train2604,0,1
train2605,0,1
train2606,0,1
train2607,0,1
train2608,0,1
train2609,0,1
train2610,0,1
train2611,0,1
train2612,0,1
train2613,0,1
train2614,0,1
train2615,0,1
train2616,0,1
train2617,0,1
train2618,0,1
train2619,0,1
train2620,0,1
train2621,0,1
train2622,0,1
train2623,0,1
train2624,0,1
train2625,0,1
train2626,0,1
train2627,0,1
train2628,0,1
train2629,0,1
train2630,0,1
train2631,0,1
train2632,0,1
train2633,0,1
train2634,0,1
train2635,0,1
train2636,0,1
train2637,0,1
train2638,0,1
train2639,0,1
train2640,0,1
train2641,0,1
train2642,0,1
train2643,0,1
train2644,0,1
train2645,0,1
train2646,0,1
train2647,0,1
train2648,0,1
train2649,0,1
train2650,0,1
train2651,0,1
train2652,0,1
train2653,0,1
train2654,0,1
train2655,0,1
train2656,0,1
train2657,0,1
train2658,0,1
train2659,0,1
train2660,0,1
train2661,0,1
train2662,0,1
train2663,0,1
train2664,0,1
train2665,0,1
train2666,0,1
train2667,0,1
train2668,0,1
train2669,0,1
train2670,0,1
train2671,0,1
train2672,0,1
train2673,0,1
train2674,0,1
train2675,0,1
train2676,0,1
train2677,0,1
train2678,0,1
train2679,0,1
train2680,0,1
train2681,0,1
train2682,0,1
train2683,0,1
train2684,0,1
train2685,0,1
train2686,0,1
train2687,0,1
train2688,0,1
train2689,0,1
train2690,0,1
train2691,0,1
train2692,0,1
train2693,0,1
train2694,0,1
train2695,0,1
train2696,0,1
train2697,0,1
train2698,0,1
train2699,0,1
train2700,0,1
train2701,0,1
train2702,0,1
train2703,0,1
train2704,0,1
train2705,0,1
train2706,0,1
train2707,0,1
train2708,0,1
train2709,0,1
train2710,0,1
train2711,0,1
train2712,0,1
train2713,0,1
train2714,0,1
train2715,0,1
train2716,0,1
train2717,0,1
train2718,0,1
train2719,0,1
train2720,0,1
train2721,0,1
train2722,0,1
train2723,0,1
train2724,0,1
train2725,0,1
train2726,0,1
train2727,0,1
train2728,0,1
train2729,0,1
train2730,0,1
train2731,0,1
train2732,0,1
train2733,0,1
train2734,0,1
train2735,0,1
train2736,0,1
train2737,0,1
train2738,0,1
train2739,0,1
train2740,0,1
train2741,0,1
train2742,0,1
train2743,0,1
train2744,0,1
train2745,0,1
train2746,0,1
train2747,0,1
train2748,0,1
train2749,0,1
train2750,0,1
train2751,0,1
train2752,0,1
train2753,0,1
train2754,0,1
train2755,0,1
train2756,0,1
train2757,0,1
train2758,0,1
train2759,0,1
train2760,0,1
train2761,0,1
train2762,0,1
train2763,0,1
train2764,0,1
train2765,0,1
train2766,0,1
train2767,0,1
train2768,0,1
train2769,0,1
train2770,0,1
train2771,0,1
train2772,0,1
train2773,0,1
train2774,0,1
train2775,0,1
train2776,0,1
train2777,0,1
train2778,0,1
train2779,0,1
train2780,0,1
train2781,0,1
train2782,0,1
train2783,0,1
train2784,0,1
train2785,0,1
train2786,0,1
train2787,0,1
train2788,0,1
train2789,0,1
train2790,0,1
train2791,0,1
train2792,0,1
train2793,0,1
train2794,0,1
train2795,0,1
train2796,0,1
train2797,0,1
train2798,0,1
train2799,0,1
train2800,0,1
train2801,0,1
train2802,0,1
train2803,0,1
train2804,0,1
train2805,0,1
train2806,0,1
train2807,0,1
train2808,0,1
train2809,0,1
train2810,0,1
train2811,0,1
train2812,0,1
train2813,0,1
train2814,0,1
train2815,0,1
train2816,0,1
train2817,0,1
train2818,0,1
train2819,0,1
train2820,0,1
train2821,0,1
train2822,0,1
train2823,0,1
train2824,0,1
train2825,0,1
train2826,0,1
train2827,0,1
train2828,0,1
train2829,0,1
train2830,0,1
train2831,0,1
train2832,0,1
train2833,0,1
train2834,0,1
train2835,0,1
train2836,0,1
train2837,0,1
train2838,0,1
train2839,0,1
train2840,0,1
train2841,0,1
train2842,0,1
train2843,0,1
train2844,0,1
train2845,0,1
train2846,0,1
train2847,0,1
train2848,0,1
train2849,0,1
train2850,0,1
train2851,0,1
train2852,0,1
train2853,0,1
train2854,0,1
train2855,0,1
train2856,0,1
train2857,0,1
train2858,0,1
train2859,0,1
train2860,0,1
train2861,0,1
train2862,0,1
train2863,0,1
train2864,0,1
train2865,0,1
train2866,0,1
train2867,0,1
train2868,0,1
train2869,0,1
train2870,0,1
train2871,0,1
train2872,0,1
train2873,0,1
train2874,0,1
train2875,0,1
train2876,0,1
train2877,0,1
train2878,0,1
train2879,0,1
train2880,0,1
train2881,0,1
train2882,0,1
train2883,0,1
train2884,0,1
train2885,0,1
train2886,0,1
train2887,0,1
train2888,0,1
train2889,0,1
train2890,0,1
train2891,0,1
train2892,0,1
train2893,0,1
train2894,0,1
train2895,0,1
train2896,0,1
train2897,0,1
train2898,0,1
train2899,0,1
train2900,0,1
train2901,0,1
train2902,0,1
train2903,0,1
train2904,0,1
train2905,0,1
train2906,0,1
train2907,0,1
train2908,0,1
train2909,0,1
train2910,0,1
train2911,0,1
train2912,0,1
train2913,0,1
train2914,0,1
train2915,0,1
train2916,0,1
train2917,0,1
train2918,0,1
train2919,0,1
train2920,0,1
train2921,0,1
train2922,0,1
train2923,0,1
train2924,0,1
train2925,0,1
train2926,0,1
train2927,0,1
train2928,0,1
train2929,0,1
train2930,0,1
train2931,0,1
train2932,0,1
train2933,0,1
train2934,0,1
train2935,0,1
train2936,0,1
train2937,0,1
train2938,0,1
train2939,0,1
train2940,0,1
train2941,0,1
train2942,0,1
train2943,0,1
train2944,0,1
train2945,0,1
train2946,0,1
train2947,0,1
train2948,0,1
train2949,0,1
train2950,0,1
train2951,0,1
train2952,0,1
train2953,0,1
train2954,0,1
train2955,0,1
train2956,0,1
train2957,0,1
train2958,0,1
train2959,0,1
train2960,0,1
train2961,0,1
train2962,0,1
train2963,0,1
train2964,0,1
train2965,0,1
train2966,0,1
train2967,0,1
train2968,0,1
train2969,0,1
train2970,0,1
train2971,0,1
train2972,0,1
train2973,0,1
train2974,0,1
train2975,0,1
train2976,0,1
train2977,0,1
train2978,0,1
train2979,0,1
train2980,0,1
train2981,0,1
train2982,0,1
train2983,0,1
train2984,0,1
train2985,0,1
train2986,0,1
train2987,0,1
train2988,0,1
train2989,0,1
train2990,0,1
train2991,0,1
train2992,0,1
train2993,0,1
train2994,0,1
train2995,0,1
train2996,0,1
train2997,0,1
train2998,0,1
train2999,0,1

